PID, PPID, Level, Fork Of
38759, 14999, 0, N/A
38760, 38759, 1, 38759
38761, 38759, 1, 38759
38762, 38759, 1, 38759
38763, 38759, 1, 38759
38764, 38760, 2, 38760
38765, 38759, 1, 38759
38766, 38760, 2, 38760
38767, 38762, 2, 38762
38769, 38763, 2, 38763
38770, 38764, 3, 38764
38768, 38761, 2, 38761
38771, 38760, 2, 38760
38772, 38762, 2, 38762
38774, 38761, 2, 38761
38773, 38766, 3, 38766
38775, 38767, 3, 38767
38776, 38764, 3, 38764
38777, 38760, 2, 38760
38778, 38770, 4, 38770
38779, 38761, 2, 38761
38780, 38768, 3, 38768
38781, 38771, 3, 38771
38782, 38766, 3, 38766
38783, 38774, 3, 38774
38784, 38764, 3, 38764
38786, 38770, 4, 38770
38785, 38773, 4, 38773
38787, 38776, 4, 38776
38789, 38778, 5, 38778
38788, 38768, 3, 38768
38790, 38780, 4, 38780
